Workbook

Sheet Data
A1: Project ID | B1: Project Name | C1: Country | D1: Region | E1: Status | F1: Start Date | G1: End Date | H1: Budget_USD | I1: Manager | J1: Progress_Percent
A2: PRJ-001 | B2: Market Expansion N | C2: Singapore | D2: Asia Pacific | E2: Ongoing | F2: 45200 | G2: 45657 | H2: 7119475.2 | I2: John Smith | J2: 90
A3: PRJ-002 | B3: Blockchain Solution W | C3: Denmark | D3: Europe | E3: Ongoing | F3: 45963 | G3: 46489 | H3: 5296197.4 | I3: Maria Garcia | J3: 45
A4: PRJ-003 | B4: Infrastructure Upgrade 2025 | C4: Spain | D4: Europe | E4: Ongoing | F4: 45512 | G4: 45793 | H4: 8263561.1 | I4: Lisa Anderson | J4: 78
A5: PRJ-004 | B5: Brand Refresh X | C5: Japan | D5: Asia | E5: Completed | F5: 45731 | G5: 45799 | H5: 9994204.2 | I5: Robert Taylor | J5: 100
A6: PRJ-005 | B6: Digital Transformation O | C6: UK | D6: Europe | E6: Planned | F6: 45749 | G6: 45946 | H6: 3079607.9 | I6: Patricia Lee | J6: 7
A7: PRJ-006 | B7: Brand Refresh 2025 | C7: Brazil | D7: Americas | E7: Planned | F7: 45150 | G7: 45390 | H7: 3329441.5 | I7: Robert Taylor | J7: 14
A8: PRJ-007 | B8: Data Center Consolidation E | C8: Singapore | D8: Asia Pacific | E8: Planned | F8: 45604 | G8: 45980 | H8: 2967683.9 | I8: Patricia Lee | J8: 100
A9: PRJ-008 | B9: Training Program Q | C9: Mexico | D9: Americas | E9: Planned | F9: 45561 | G9: 45955 | H9: 5479269.8 | I9: Patricia Lee | J9: 0
A10: PRJ-009 | B10: Blockchain Solution 2024 | C10: Italy | D10: Europe | E10: Completed | F10: 45424 | G10: 45552 | H10: 650375.56 | I10: Michael Brown | J10: 100
A11: PRJ-010 | B11: Brand Refresh B | C11: South Africa | D11: Africa | E11: Ongoing | F11: 45336 | G11: 45609 | H11: 5466495.1 | I11: Sarah Johnson | J11: 64
A12: PRJ-011 | B12: Talent Acquisition R | C12: Italy | D12: Europe | E12: Ongoing | F12: 45212 | G12: 45667 | H12: 8344028.7 | I12: John Smith | J12: 100
A13: PRJ-012 | B13: Data Center Consolidation 2026 | C13: UK | D13: Europe | E13: Ongoing | F13: 44942 | G13: 45361 | H13: 8291377.1 | I13: John Smith | J13: 90
... A121: PRJ-120 | B121: Compliance Update 2025 | C121: Turkey | D121: Middle East | E121: Ongoing | F121: 45932 | G121: 46324 | H121: 7944808.4 | I121: David Wilson | J121: 55

Sheet ChartData
A1: Status | B1: Count | D1: Region | E1: Budget | G1: Metric | H1: Value | J1: Project | K1: Budget
A2: Completed | B2: =COUNTIF(Data!E:E,"Completed") -> 28 | D2: Americas | E2: =SUMIF(Data!D:D,"Americas",Data!H:H) -> 1.5517458e+08 | G2: Overall Progress | H2: =AVERAGE(Data!J:J) -> 59.175 | J2: =INDEX(Data!B:B,MATCH(LARGE(Data!H:H,1),Data!H:H,0)) -> Brand Refresh X | K2: =LARGE(Data!H:H,1) -> 9994204.2
A3: Ongoing | B3: =COUNTIF(Data!E:E,"Ongoing") -> 40 | D3: Europe | E3: =SUMIF(Data!D:D,"Europe",Data!H:H) -> 2.2352192e+08 | G3: Completion Rate | H3: =ROUND(COUNTIF(Data!E:E,"Completed")/(COUNTA(Data!A:A)-1)*100,1) -> 23.3 | J3: =INDEX(Data!B:B,MATCH(LARGE(Data!H:H,2),Data!H:H,0)) -> Customer Experience 2024 | K3: =LARGE(Data!H:H,2) -> 9798312.2
A4: Delayed | B4: =COUNTIF(Data!E:E,"Delayed") -> 28 | D4: Asia | E4: =SUMIF(Data!D:D,"Asia",Data!H:H) -> 78875520 | J4: =INDEX(Data!B:B,MATCH(LARGE(Data!H:H,3),Data!H:H,0)) -> Blockchain Solution 2024 | K4: =LARGE(Data!H:H,3) -> 9791422.9
A5: Planned | B5: =COUNTIF(Data!E:E,"Planned") -> 24 | D5: Asia Pacific | E5: =SUMIF(Data!D:D,"Asia Pacific",Data!H:H) -> 65669293 | J5: =INDEX(Data!B:B,MATCH(LARGE(Data!H:H,4),Data!H:H,0)) -> Sustainability Project J | K5: =LARGE(Data!H:H,4) -> 9686749.3
D6: Middle East | E6: =SUMIF(Data!D:D,"Middle East",Data!H:H) -> 75386944 | J6: =INDEX(Data!B:B,MATCH(LARGE(Data!H:H,5),Data!H:H,0)) -> Talent Acquisition 2026 | K6: =LARGE(Data!H:H,5) -> 9645878.2
D7: Africa | E7: =SUMIF(Data!D:D,"Africa",Data!H:H) -> 26838424

Sheet Dashboard
A1: EXECUTIVE PROJECT DASHBOARD | I1: As of: | J1: =NOW() + TIME(1,0,0) -> 46133.69
A2: Real-Time Project Portfolio Overview
A4: KEY PERFORMANCE INDICATORS
A6: TOTAL PROJECTS | D6: TOTAL BUDGET | G6: AVG BUDGET/PROJECT
A7: =COUNTA(Data!A:A)-1 -> 120 | D7: =SUM(Data!H:H) -> 6.2546668e+08 | G7: =IFERROR(AVERAGE(Data!H:H),0) -> 5212222.3
A9: COMPLETED | D9: ONGOING | G9: DELAYED
A10: =COUNTIF(Data!E:E,"Completed") -> 28 | D10: =COUNTIF(Data!E:E,"Ongoing") -> 40 | G10: =COUNTIF(Data!E:E,"Delayed") -> 28
A13: PERFORMANCE VISUALIZATIONS
A27: REGIONAL PERFORMANCE SUMMARY | K27: TOP PERFORMING MANAGERS
A28: Region | B28: Total Projects | C28: Total Budget | D28: Avg Budget | E28: Completion Rate | F28: On-Time Rate | K28: Manager | L28: Projects | M28: Total Budget | N28: Avg Progress | O28: Completed | P28: Performance
A29: Americas | B29: =COUNTIFS(Data!D:D,"Americas") -> 30 | C29: =SUMIF(Data!D:D,"Americas",Data!H:H) -> 1.5517458e+08 | D29: =IFERROR(AVERAGEIF(Data!D:D,"Americas",Data!H:H),0) -> 5172485.9 | E29: =IFERROR(ROUND(COUNTIFS(Data!D:D,"Americas",Data!E:E,"Completed")/COUNTIF(Data!D:D,"Americas")*100,1),0) & "%" -> 13.3% | F29: =IFERROR(ROUND(COUNTIFS(Data!D:D,"Americas",Data!E:E,"Ongoing")/COUNTIF(Data!D:D,"Americas")*100,1),0) & "%" -> 33.3% | K29: John Smith | L29: =COUNTIF(Data!I:I,"John Smith") -> 15 | M29: =SUMIF(Data!I:I,"John Smith",Data!H:H) -> 1.1246967e+08 | N29: =IFERROR(ROUND(AVERAGEIF(Data!I:I,"John Smith",Data!J:J),1),0) & "%" -> 67.9% | O29: =COUNTIFS(Data!I:I,"John Smith",Data!E:E,"Completed") -> 2 | P29: =IFERROR(ROUND(O29/L29*100,1),0) & "%" -> 13.3%
A30: Europe | B30: =COUNTIFS(Data!D:D,"Europe") -> 44 | C30: =SUMIF(Data!D:D,"Europe",Data!H:H) -> 2.2352192e+08 | D30: =IFERROR(AVERAGEIF(Data!D:D,"Europe",Data!H:H),0) -> 5080043.7 | E30: =IFERROR(ROUND(COUNTIFS(Data!D:D,"Europe",Data!E:E,"Completed")/COUNTIF(Data!D:D,"Europe")*100,1),0) & "%" -> 20.5% | F30: =IFERROR(ROUND(COUNTIFS(Data!D:D,"Europe",Data!E:E,"Ongoing")/COUNTIF(Data!D:D,"Europe")*100,1),0) & "%" -> 43.2% | K30: Sarah Johnson | L30: =COUNTIF(Data!I:I,"Sarah Johnson") -> 10 | M30: =SUMIF(Data!I:I,"Sarah Johnson",Data!H:H) -> 61687694 | N30: =IFERROR(ROUND(AVERAGEIF(Data!I:I,"Sarah Johnson",Data!J:J),1),0) & "%" -> 60.7% | O30: =COUNTIFS(Data!I:I,"Sarah Johnson",Data!E:E,"Completed") -> 2 | P30: =IFERROR(ROUND(O30/L30*100,1),0) & "%" -> 20%
A31: Asia | B31: =COUNTIFS(Data!D:D,"Asia") -> 15 | C31: =SUMIF(Data!D:D,"Asia",Data!H:H) -> 78875520 | D31: =IFERROR(AVERAGEIF(Data!D:D,"Asia",Data!H:H),0) -> 5258368 | E31: =IFERROR(ROUND(COUNTIFS(Data!D:D,"Asia",Data!E:E,"Completed")/COUNTIF(Data!D:D,"Asia")*100,1),0) & "%" -> 40% | F31: =IFERROR(ROUND(COUNTIFS(Data!D:D,"Asia",Data!E:E,"Ongoing")/COUNTIF(Data!D:D,"Asia")*100,1),0) & "%" -> 20% | K31: Michael Brown | L31: =COUNTIF(Data!I:I,"Michael Brown") -> 15 | M31: =SUMIF(Data!I:I,"Michael Brown",Data!H:H) -> 72575715 | N31: =IFERROR(ROUND(AVERAGEIF(Data!I:I,"Michael Brown",Data!J:J),1),0) & "%" -> 57.8% | O31: =COUNTIFS(Data!I:I,"Michael Brown",Data!E:E,"Completed") -> 4 | P31: =IFERROR(ROUND(O31/L31*100,1),0) & "%" -> 26.7%
A32: Asia Pacific | B32: =COUNTIFS(Data!D:D,"Asia Pacific") -> 13 | C32: =SUMIF(Data!D:D,"Asia Pacific",Data!H:H) -> 65669293 | D32: =IFERROR(AVERAGEIF(Data!D:D,"Asia Pacific",Data!H:H),0) -> 5051484.1 | E32: =IFERROR(ROUND(COUNTIFS(Data!D:D,"Asia Pacific",Data!E:E,"Completed")/COUNTIF(Data!D:D,"Asia Pacific")*100,1),0) & "%" -> 30.8% | F32: =IFERROR(ROUND(COUNTIFS(Data!D:D,"Asia Pacific",Data!E:E,"Ongoing")/COUNTIF(Data!D:D,"Asia Pacific")*100,1),0) & "%" -> 23.1% | K32: Emily Davis | L32: =COUNTIF(Data!I:I,"Emily Davis") -> 11 | M32: =SUMIF(Data!I:I,"Emily Davis",Data!H:H) -> 45799214 | N32: =IFERROR(ROUND(AVERAGEIF(Data!I:I,"Emily Davis",Data!J:J),1),0) & "%" -> 46.2% | O32: =COUNTIFS(Data!I:I,"Emily Davis",Data!E:E,"Completed") -> 2 | P32: =IFERROR(ROUND(O32/L32*100,1),0) & "%" -> 18.2%
A33: Middle East | B33: =COUNTIFS(Data!D:D,"Middle East") -> 13 | C33: =SUMIF(Data!D:D,"Middle East",Data!H:H) -> 75386944 | D33: =IFERROR(AVERAGEIF(Data!D:D,"Middle East",Data!H:H),0) -> 5798995.7 | E33: =IFERROR(ROUND(COUNTIFS(Data!D:D,"Middle East",Data!E:E,"Completed")/COUNTIF(Data!D:D,"Middle East")*100,1),0) & "%" -> 23.1% | F33: =IFERROR(ROUND(COUNTIFS(Data!D:D,"Middle East",Data!E:E,"Ongoing")/COUNTIF(Data!D:D,"Middle East")*100,1),0) & "%" -> 23.1% | K33: David Wilson | L33: =COUNTIF(Data!I:I,"David Wilson") -> 18 | M33: =SUMIF(Data!I:I,"David Wilson",Data!H:H) -> 1.0043803e+08 | N33: =IFERROR(ROUND(AVERAGEIF(Data!I:I,"David Wilson",Data!J:J),1),0) & "%" -> 63.8% | O33: =COUNTIFS(Data!I:I,"David Wilson",Data!E:E,"Completed") -> 3 | P33: =IFERROR(ROUND(O33/L33*100,1),0) & "%" -> 16.7%
A34: Africa | B34: =COUNTIFS(Data!D:D,"Africa") -> 5 | C34: =SUMIF(Data!D:D,"Africa",Data!H:H) -> 26838424 | D34: =IFERROR(AVERAGEIF(Data!D:D,"Africa",Data!H:H),0) -> 5367684.7 | E34: =IFERROR(ROUND(COUNTIFS(Data!D:D,"Africa",Data!E:E,"Completed")/COUNTIF(Data!D:D,"Africa")*100,1),0) & "%" -> 40% | F34: =IFERROR(ROUND(COUNTIFS(Data!D:D,"Africa",Data!E:E,"Ongoing")/COUNTIF(Data!D:D,"Africa")*100,1),0) & "%" -> 40% | K34: Lisa Anderson | L34: =COUNTIF(Data!I:I,"Lisa Anderson") -> 13 | M34: =SUMIF(Data!I:I,"Lisa Anderson",Data!H:H) -> 73834336 | N34: =IFERROR(ROUND(AVERAGEIF(Data!I:I,"Lisa Anderson",Data!J:J),1),0) & "%" -> 72.9% | O34: =COUNTIFS(Data!I:I,"Lisa Anderson",Data!E:E,"Completed") -> 6 | P34: =IFERROR(ROUND(O34/L34*100,1),0) & "%" -> 46.2%
K35: Robert Taylor | L35: =COUNTIF(Data!I:I,"Robert Taylor") -> 10 | M35: =SUMIF(Data!I:I,"Robert Taylor",Data!H:H) -> 44193392 | N35: =IFERROR(ROUND(AVERAGEIF(Data!I:I,"Robert Taylor",Data!J:J),1),0) & "%" -> 47.8% | O35: =COUNTIFS(Data!I:I,"Robert Taylor",Data!E:E,"Completed") -> 2 | P35: =IFERROR(ROUND(O35/L35*100,1),0) & "%" -> 20%
A36: RECENT PROJECT ACTIVITY | K36: Maria Garcia | L36: =COUNTIF(Data!I:I,"Maria Garcia") -> 12 | M36: =SUMIF(Data!I:I,"Maria Garcia",Data!H:H) -> 48696728 | N36: =IFERROR(ROUND(AVERAGEIF(Data!I:I,"Maria Garcia",Data!J:J),1),0) & "%" -> 53.2% | O36: =COUNTIFS(Data!I:I,"Maria Garcia",Data!E:E,"Completed") -> 4 | P36: =IFERROR(ROUND(O36/L36*100,1),0) & "%" -> 33.3%
A37: Project ID | B37: Project Name | C37: Status | D37: Progress | E37: Manager | F37: Budget | K37: James Martinez | L37: =COUNTIF(Data!I:I,"James Martinez") -> 4 | M37: =SUMIF(Data!I:I,"James Martinez",Data!H:H) -> 21494034 | N37: =IFERROR(ROUND(AVERAGEIF(Data!I:I,"James Martinez",Data!J:J),1),0) & "%" -> 35.8% | O37: =COUNTIFS(Data!I:I,"James Martinez",Data!E:E,"Completed") -> 0 | P37: =IFERROR(ROUND(O37/L37*100,1),0) & "%" -> 0%
K38: Patricia Lee | L38: =COUNTIF(Data!I:I,"Patricia Lee") -> 12 | M38: =SUMIF(Data!I:I,"Patricia Lee",Data!H:H) -> 44277870 | N38: =IFERROR(ROUND(AVERAGEIF(Data!I:I,"Patricia Lee",Data!J:J),1),0) & "%" -> 62.1% | O38: =COUNTIFS(Data!I:I,"Patricia Lee",Data!E:E,"Completed") -> 3 | P38: =IFERROR(ROUND(O38/L38*100,1),0) & "%" -> 25%

Sheet Lists
A1: Status | B1: Regions | C1: Managers
A2: Planned | B2: Africa | C2: John Smith
A3: Ongoing | B3: Asia | C3: Sarah Johnson
A4: Completed | B4: Europe | C4: Michael Brown
A5: Delayed | B5: Americas | C5: Emily Davis
B6: Asia Pacific | C6: David Wilson
B7: Middle East | C7: Lisa Anderson
C8: Robert Taylor
C9: Maria Garcia
C10: James Martinez
C11: Patricia Lee
